STARLINK-31196,2024-019R,2024-02-23T22:00:01.999584,15.2592256,0.0001222,43.0005,127.7598,271.1892,80.9081,0,U,58868,999,508,-0.0012588,-0.0003305,0
STARLINK-31337,2024-027D,2024-03-02T06:00:00.999648,15.39003289,0.0001314,53.1594,133.2749,78.6697,38.5338,0,U,58934,999,429,-0.062834,-0.02209417,0
2024-032C,2024-032C,2024-03-02T02:30:49.363200,14.67857356,0.0004409,98.1131,119.3796,297.6075,62.4681,0,U,58989,999,206,0.0002834,1.57e-05,0
2024-039E,2024-039E,2024-03-02T10:15:53.436384,15.22574673,0.001794,97.3822,25.8261,227.9671,262.5573,0,U,59055,999,32,0.00070642,0.00016428,0
2024-039P,2024-039P,2024-03-01T22:38:32.884224,15.22925632,0.0016761,97.3817,25.352,229.9149,130.062,0,U,59064,999,26,0.00056862,0.00013334,0
STARLINK-31358,2024-031N,2024-02-24T07:14:24.750240,15.80486758,2.98e-05,53.1683,156.5076,58.6391,301.4661,0,U,58977,999,248,-0.0014953,-0.00281334,0
2024-024F,2024-024F,2024-03-02T02:52:20.453088,15.18329603,0.0011138,97.3955,138.9933,190.4703,169.6301,0,U,58922,999,424,0.00064928,0.00013294,0
STARLINK-31454,2024-036S,2024-03-02T04:00:00.999936,15.78999078,9.83e-05,53.1652,265.1017,86.231,72.2469,0,U,59014,999,240,-0.0086926,-0.01400547,0
STARLINK-31234,2024-038W,2024-03-01T16:00:00.999936,15.95497279,0.0001921,43.0049,234.3106,274.13,193.4488,0,U,59043,999,174,-0.0032829,-0.0135722,0.00054678
STARLINK-31372,2024-027J,2024-03-02T06:00:00.999648,15.44341904,0.0001605,53.1589,133.2336,89.2872,48.4457,0,U,58939,999,423,-0.049124,-0.02046564,0
STARLINK-30862,2024-038K,2024-03-01T16:00:00.999936,15.94320155,0.0001336,43.0054,234.3444,268.6749,185.7308,0,U,59032,999,179,-0.0032347,-0.01256096,0.00046896
STARLINK-31293,2024-027X,2024-03-02T04:00:00.999936,15.43826001,0.0001102,53.1584,133.5843,84.658,330.8112,0,U,58952,999,417,0.0014076,0.00064914,0
2024-018C,2024-018C,2024-02-24T10:42:59.758272,14.34099892,0.0449315,58.6873,292.4917,194.087,164.7278,0,U,58851,999,394,0.00030945,2.541e-05,0
2024-024F,2024-024F,2024-02-24T11:06:43.946496,15.18153005,0.0010612,97.3977,132.4841,213.6201,146.4361,0,U,58922,999,323,0.00061142,0.00012448,0
STARLINK-31369,2024-031L,2024-02-24T07:15:28.832256,15.80397998,5.05e-05,53.1681,156.5125,10.9076,349.1957,0,U,58975,999,253,-0.0015555,-0.00291123,0
PACE,2024-025A,2024-03-01T18:58:08.717088,14.65266886,9.42e-05,98.0885,355.0373,72.4275,287.7031,0,U,58928,999,329,0.00016615,8.48e-06,0
STARLINK-31116,2024-027S,2024-03-01T22:00:00.999936,15.43828282,9.53e-05,53.1584,134.7825,78.3247,21.1626,0,U,58947,999,402,0.00038343,0.00017269,0
2024-039G,2024-039G,2024-03-02T04:57:36.523008,15.22595328,0.0017657,97.3825,25.6138,228.6668,131.305,0,U,59057,999,29,0.00076,0.0001769,0
2024-039R,2024-039R,2024-03-02T04:34:19.247520,14.81187939,0.0175422,95.3915,25.0406,351.4086,8.4143,0,U,59066,999,26,0.00087907,8.902e-05,0
2024-034B,2024-034B,2024-02-24T10:42:34.356672,15.01482415,0.0046662,98.2051,23.2555,63.7117,296.8889,0,U,58993,999,87,0.0010637,0.00014026,0
2024-039H,2024-039H,2024-03-02T04:57:32.419872,15.226391,0.0017449,97.3815,25.612,229.7145,130.2566,0,U,59058,999,29,0.00085013,0.00019826,0
LEMUR-2-CAEL,2024-022E,2024-02-24T12:21:47.946528,15.12829022,0.0013422,97.4879,258.025,185.088,175.0217,0,U,58903,999,366,0.00052529,9.189e-05,0
STARLINK-31339,2024-031S,2024-02-29T16:00:00.999936,15.65239724,0.0001161,53.1601,129.903,63.829,109.1983,0,U,58981,999,340,-0.018794,-0.01674132,0
STARLINK-31006,2024-038B,2024-03-02T06:00:00.999648,15.97096731,0.0003913,43.0062,230.7,251.2411,316.1574,0,U,59024,999,198,0.0014867,0.0066987,0.00019994
STARLINK-31333,2024-031G,2024-02-24T07:17:27.008448,15.80352796,6.77e-05,53.1683,156.522,344.943,15.1572,0,U,58971,999,253,-0.0010481,-0.00198082,0
STARLINK-31324,2024-031M,2024-02-29T04:00:00.999936,15.67165625,0.0001225,53.1613,132.3686,98.3817,126.0965,0,U,58976,999,329,-0.017608,-0.01693696,0
2024-024B,2024-024B,2024-03-02T03:05:24.302400,15.17772176,0.0011154,97.4008,139.0022,179.2769,180.8483,0,U,58918,999,424,0.00052473,0.00010556,0
STARLINK-31254,2024-020S,2024-02-24T06:00:00.999648,15.28014385,0.0001574,53.1593,179.5308,98.6421,296.3237,0,U,58892,999,526,-0.00018202,-5.388e-05,0
STARLINK-31287,2024-027V,2024-03-02T04:31:49.101600,16.1512797,0.0004649,53.16,129.3313,16.6932,30.8061,0,U,58950,999,406,0.0012213,0.01619418,0.0022019
STARLINK-31373,2024-031A,2024-02-24T07:20:27.039264,15.80089152,5.75e-05,53.1685,156.5354,142.2425,217.8638,0,U,58965,999,253,-0.0015094,-0.00278932,0
STARLINK-31360,2024-031T,2024-02-24T07:11:52.352736,15.80567912,4.4e-05,53.1693,156.4938,91.9941,268.1132,0,U,58982,999,253,-0.0019503,-0.00364618,0
2024-034C,2024-034C,2024-02-24T10:42:25.545600,15.76169308,0.0211412,98.2165,24.0273,207.9576,151.0202,0,U,58994,999,90,0.001444,0.01084337,2.6478e-06
2024-039Q,2024-039Q,2024-03-02T04:55:31.786464,15.23772139,0.001383,97.3824,25.613,219.2149,140.809,0,U,59065,999,27,0.00031485,7.524e-05,0
STARLINK-31300,2024-020C,2024-02-23T22:00:01.999584,15.27987709,0.0001403,53.16,181.3322,96.9971,134.6493,0,U,58878,999,522,0.001608,0.00044411,0
STARLINK-31330,2024-027W,2024-03-02T04:00:00.999936,15.43841459,0.0001392,53.1583,133.5764,106.5167,312.7801,0,U,58951,999,427,0.00099312,0.00045584,0
STARLINK-31384,2024-031U,2024-03-02T06:00:00.999648,15.59321353,0.000102,53.1606,122.1671,84.2352,4.5195,0,U,58983,999,362,-0.024569,-0.01759056,0
2024-024H,2024-024H,2024-03-02T02:48:53.614080,15.18546266,0.0011669,97.4003,139.015,190.0883,170.0119,0,U,58924,999,4096,0.00074449,0.00015356,0
STARLINK-31335,2024-031E,2024-02-29T14:00:01.000224,15.65667543,0.0001008,53.1605,130.3539,59.1979,342.68,0,U,58969,999,336,-0.018612,-0.01685217,0
2024-039J,2024-039J,2024-03-01T22:38:53.420640,15.22702946,0.0017154,97.3816,25.3548,230.5537,129.4185,0,U,59059,999,25,0.00075838,0.00017704,0
2024-023J,2024-023J,2024-03-02T02:35:57.082848,14.91357886,0.0008021,50.0055,305.2331,4.7098,355.3918,0,U,58913,999,419,0.00039774,3.772e-05,0
STARLINK-31460,2024-036L,2024-03-02T04:00:00.999936,15.78885566,0.0001208,53.1657,265.1275,98.4011,47.7938,0,U,59008,999,240,-0.008301,-0.01338066,0
STARLINK-31199,2024-019J,2024-02-24T14:00:01.999872,15.25891279,0.0001326,43.0004,124.0383,264.1729,141.9632,0,U,58861,999,536,-1.5094e-05,-6.52e-06,0
DRUMS TARGET-2,2021-102N,2024-02-23T21:19:13.424448,15.08970977,0.0018309,97.4484,105.5494,280.631,79.2857,0,U,58954,999,857,0.0010799,0.00017089,0
RAPTOR4,2024-028B,2024-03-02T00:53:55.730112,13.70280823,0.0007776,39.9904,289.3315,93.9561,266.2075,0,U,58956,999,220,9.333e-05,5e-08,0
STARLINK-31314,2024-031C,2024-02-24T07:19:30.991584,15.80170436,8.06e-05,53.1685,156.5309,64.439,295.6716,0,U,58967,999,253,-0.0014932,-0.00277046,0
STARLINK-31317,2024-027A,2024-03-02T06:00:00.999648,15.37190387,0.0001472,53.1592,133.2986,80.6319,24.7294,0,U,58931,999,428,-0.066617,-0.02207359,0
STARLINK-31260,2024-020F,2024-02-23T22:00:01.999584,15.27957063,0.0001197,53.1598,181.2807,89.1315,168.1969,0,U,58881,999,522,0.0024047,0.00066727,0
2024-023K,2024-023K,2024-03-02T02:06:46.738080,14.88072115,0.0015967,49.9958,305.8122,60.7361,299.5174,0,U,58914,999,418,0.00041968,3.672e-05,0
GSLV R/B,2024-033B,2024-03-01T09:25:40.117152,2.13406415,0.7433746,19.354,268.4907,186.7031,149.8604,0,U,58991,999,27,0.0008974,0.00034622,5.0837e-07
STARLINK-31296,2024-020D,2024-02-24T14:00:01.999872,15.28097316,0.000134,53.161,178.1987,88.0005,236.8385,0,U,58879,999,531,-0.0061171,-0.00166432,0
STARLINK-31211,2024-038J,2024-03-01T16:00:00.999936,15.94218421,0.0001571,43.0055,234.3471,265.1229,188.1793,0,U,59031,999,179,-0.0032159,-0.01242215,0.00045906
STARLINK-31221,2024-020W,2024-02-24T06:00:00.999648,15.32265056,0.0001184,53.1594,179.4418,70.9715,8.6309,0,U,58896,999,515,-0.077353,-0.02189772,0
STARLINK-31224,2024-038G,2024-03-01T16:00:00.999936,15.94044822,0.0001708,43.0054,234.3526,258.3854,192.8486,0,U,59029,999,189,-0.0032352,-0.01238214,0.00045557
STARLINK-31311,2024-027T,2024-02-24T12:00:00.999648,15.62653486,0.0001097,53.1601,165.5493,102.6361,145.8048,0,U,58948,999,293,-0.021571,-0.01758255,0
STARLINK-31358,2024-031N,2024-03-01T02:00:01.000224,15.63708736,6.13e-05,53.1598,127.8723,91.1441,264.1971,0,U,58977,999,339,-0.019963,-0.01672288,0
STARLINK-31429,2024-036F,2024-03-01T16:00:00.999936,15.80125672,9.26e-05,53.1671,267.6479,79.8406,91.5708,0,U,59003,999,233,-0.0074142,-0.01250201,0
2024-023H,2024-023H,2024-03-02T03:05:18.769344,14.9003194,0.0010225,49.9908,305.3221,30.0935,330.0592,0,U,58912,999,419,0.00046496,4.302e-05,0
2024-024K,2024-024K,2024-03-02T04:20:27.889440,15.82492742,0.018826,97.407,141.3287,233.4722,124.9086,0,U,58926,999,4110,0.0008315,0.00705404,2.3073e-06
2024-018D,2024-018D,2024-02-24T10:43:59.479680,14.34199887,0.0449321,58.6767,292.4682,193.6935,165.1566,0,U,58852,999,394,0.0008129,7.111e-05,0
CYGNUS NG-20,2024-021A,2024-02-23T18:42:33.277248,15.50285243,0.0002187,51.6389,162.3389,312.8193,47.2612,0,U,58898,999,355,0.00033052,0.00018642,0
HBTSS-SV2,2024-028A,2024-03-01T17:54:52.358976,13.70234621,0.0007806,39.9905,290.678,91.3988,268.7653,0,U,58955,999,217,0.00021874,1.17e-06,0
GSLV R/B,2024-033B,2024-02-24T07:38:17.322720,2.12936634,0.7437286,19.385,270.7239,182.6198,168.0093,0,U,58991,999,14,0.00098338,0.00037869,-5.1062e-07
STARLINK-31242,2024-019M,2024-02-24T14:00:01.999872,15.25929792,9.97e-05,43.0002,124.1584,269.7628,86.5632,0,U,58864,999,536,-0.002558,-0.00066607,0
FALCON 9 R/B,2024-030B,2024-02-15T06:40:12.999936,0.08200507,0.97047,28.51,65.08,239.96,5,0,U,58964,999,0,0,-0.00014702,0
STARLINK-31526,2024-036U,2024-03-01T16:00:00.999936,15.87993275,5.77e-05,53.1659,267.5294,59.8136,168.9602,0,U,59016,999,232,-0.00071712,-0.00195475,0
STARLINK-31209,2024-020H,2024-02-23T22:00:01.999584,15.27959798,0.0001387,53.1596,181.2295,89.0217,194.0899,0,U,58883,999,510,0.0022096,0.00061245,0
STARLINK-30970,2024-020N,2024-02-24T14:00:01.999872,15.28171414,0.0001241,53.1597,178.0918,94.8378,283.3411,0,U,58888,999,531,-0.0080182,-0.00217071,0
STARLINK-31149,2024-019L,2024-02-24T03:43:31.859904,15.25905919,0.0001456,43,126.9564,286.1761,73.8929,0,U,58863,999,529,0.00013124,3.177e-05,0
STARLINK-31244,2024-019D,2024-02-24T06:00:00.999648,15.25872942,0.0001178,43.0004,125.9453,265.2745,95.1113,0,U,58856,999,515,0.0023703,0.00062201,0
STARLINK-31177,2024-019W,2024-02-24T06:00:00.999648,15.29485919,0.0001023,42.9994,125.6246,279.2494,213.1318,0,U,58873,999,531,-0.084161,-0.02197298,0
STARLINK-31243,2024-020U,2024-02-24T12:00:00.999648,15.28718918,0.00013,53.1596,178.3242,110.2926,246.0229,0,U,58894,999,504,-0.037585,-0.00981899,0
STARLINK-31330,2024-027W,2024-02-24T12:00:00.999648,15.6264153,9.47e-05,53.1605,165.5354,99.596,156.7425,0,U,58951,999,324,-0.021598,-0.01759397,0
STARLINK-31210,2024-038L,2024-03-01T16:00:00.999936,15.94426908,0.0001355,43.0053,234.3414,249.5741,206.0015,0,U,59033,999,195,-0.0032265,-0.01260054,0.00047217
STARLINK-31389,2024-036R,2024-03-02T04:00:00.999936,15.78989156,0.0001346,53.1652,265.1061,89.0796,67.2483,0,U,59013,999,241,-0.0086014,-0.0138712,0
STARLINK-31203,2024-019S,2024-02-24T11:16:26.495904,15.44971259,0.0002462,42.9998,124.1488,227.4108,132.6543,0,U,58869,999,535,0.0002003,9.355e-05,0
STARLINK-31214,2024-019U,2024-02-23T22:00:01.999584,15.25868219,0.0001502,43.0005,128.0897,268.0697,307.1611,0,U,58871,999,505,0.0014651,0.00038217,0
2024-018B,2024-018B,2024-02-24T10:58:01.519392,14.33595419,0.0451825,58.6985,292.5616,194.5918,164.1699,0,U,58850,999,393,0.00047629,4.041e-05,0
STARLINK-31202,2024-038V,2024-03-01T16:00:00.999936,15.95302216,0.000109,43.0048,234.3161,260.8189,204.58,0,U,59042,999,195,-0.0032682,-0.01336996,0.0005309
STARLINK-31356,2024-031D,2024-02-24T07:19:01.140384,15.80204341,5.83e-05,53.169,156.5293,3.0414,357.0612,0,U,58968,999,248,-0.0014967,-0.00278082,0
STARLINK-31225,2024-038T,2024-03-01T16:00:00.999936,15.95092903,0.0001509,43.0049,234.3219,266.4892,196.6259,0,U,59040,999,179,-0.0032582,-0.01318197,0.00051623
2024-039U,2024-039U,2024-03-02T04:34:02.420256,14.81345344,0.017488,95.3925,25.0437,351.3044,8.5148,0,U,59071,999,26,0.00078223,7.937e-05,0
LEMUR-2-VALHALLA,2024-022B,2024-02-24T01:27:50.227200,15.12256051,0.0015658,97.4885,257.5612,203.5029,156.5488,0,U,58900,999,359,0.00046309,7.969e-05,0
STARLINK-31198,2024-019Q,2024-02-24T14:00:01.999872,15.25922489,0.0001212,42.9998,123.9613,261.784,169.2341,0,U,58867,999,510,-0.002654,-0.0006906,0
STARLINK-31354,2024-027M,2024-03-01T22:00:00.999936,15.43834214,9.96e-05,53.1584,134.8024,98.0803,351.8148,0,U,58942,999,428,0.00028348,0.00012653,0
2024-018A,2024-018A,2024-02-24T11:17:31.058304,14.32847704,0.0455169,58.6903,292.5986,194.14,164.6525,0,U,58849,999,394,0.00030547,2.49e-05,0
STARLINK-31378,2024-027B,2024-02-24T12:00:00.999648,15.62704555,0.0001338,53.1601,165.6149,74.3901,142.459,0,U,58932,999,324,-0.021533,-0.01758789,0
STARLINK-31378,2024-027B,2024-03-01T22:00:00.999936,15.38760206,0.0001225,53.159,134.8617,65.3183,355.3673,0,U,58932,999,428,-0.063747,-0.02222096,0
2024-039N,2024-039N,2024-03-01T22:38:39.447168,15.2285682,0.0017163,97.3818,25.3515,229.7077,130.2663,0,U,59063,999,25,0.00068722,0.00016106,0
STARLINK-31200,2024-019K,2024-02-24T14:00:01.999872,15.25909076,0.0001804,42.9995,123.8282,270.2466,222.95,0,U,58862,999,536,-0.003687,-0.00095464,0
2024-024L,2024-024L,2024-02-24T10:58:50.972160,15.18904408,0.0010658,97.4059,132.5156,216.0456,144.0061,0,U,58927,999,282,0.0012965,0.00027104,0
STARLINK-31465,2024-036Q,2024-03-02T04:00:00.999936,15.78964926,0.0001141,53.1651,265.1102,93.7513,60.5932,0,U,59012,999,240,-0.0085497,-0.01378213,0
STARLINK-31255,2024-020T,2024-02-24T14:00:01.999872,15.28202607,0.0001287,53.1593,177.9422,97.3016,356.2021,0,U,58893,999,531,-0.011563,-0.00309359,0
STARLINK-31201,2024-019T,2024-02-24T06:00:00.999648,15.25909864,7.88e-05,42.9996,126.3622,259.0119,287.2188,0,U,58870,999,510,-7.6739e-05,-2.264e-05,0
2024-023F,2024-023F,2024-03-02T03:13:35.258304,14.89880971,0.0008571,49.9894,305.3547,24.8282,335.307,0,U,58910,999,419,0.00043319,3.975e-05,0
STARLINK-31360,2024-031T,2024-02-29T08:00:01.000224,15.66502912,0.0001538,53.1606,131.5289,64.8502,31.9227,0,U,58982,999,332,-0.018567,-0.01732887,0
RAPTOR2,2024-028E,2024-03-02T00:51:27.688896,13.70426903,0.0007751,39.9903,289.3285,99.1468,261.0155,0,U,58959,999,220,9.4526e-05,6e-08,0
2024-023G,2024-023G,2024-02-24T10:11:56.487840,14.89321516,0.0006549,50.008,336.7653,348.9941,11.0856,0,U,58911,999,319,0.00054781,5.018e-05,0
2024-023H,2024-023H,2024-02-24T11:44:25.541664,14.90151183,0.0009664,49.9921,336.4029,6.7617,353.3452,0,U,58912,999,320,0.00059773,5.618e-05,0
STARLINK-31178,2024-038C,2024-03-01T16:00:00.999936,15.93673798,0.0001592,43.0055,234.3634,265.0277,182.0129,0,U,59025,999,163,-0.0031954,-0.01199454,0.00042826
STARLINK-31205,2024-038Z,2024-03-01T16:00:00.999936,15.95695151,0.0001431,43.0049,234.3051,271.27,198.5251,0,U,59046,999,189,-0.0032903,-0.01374653,0.00056083
2024-023A,2024-023A,2024-02-24T09:07:14.267136,14.87996555,0.0009534,49.9972,337.1957,16.3356,343.789,0,U,58905,999,318,0.00054453,4.822e-05,0
STARLINK-31362,2024-027E,2024-02-24T04:00:00.999936,15.637464,0.0001412,53.1603,167.2327,27.0495,118.8922,0,U,58935,999,315,-0.018864,-0.01593257,0
STARLINK-31197,2024-019G,2024-02-23T22:00:01.999584,15.2589727,0.0001724,43.0007,127.9414,272.2502,5.1623,0,U,58859,999,535,0.0011123,0.00028941,0
STARLINK-31328,2024-020E,2024-02-24T12:06:00.752832,15.78508796,0.0001666,53.1659,175.4566,113.0233,247.0965,0,U,58880,999,535,0.00010844,0.00018584,0
STARLINK-31362,2024-027E,2024-03-01T22:00:00.999936,15.42388549,0.0001282,53.1591,134.832,64.081,11.5271,0,U,58935,999,423,-0.056554,-0.02225026,0
2024-023D,2024-023D,2024-02-24T11:55:32.410560,14.89570466,0.0007911,49.9937,336.454,354.9536,5.1324,0,U,58908,999,320,0.0004814,4.409e-05,0
2024-037A,2024-037A,2024-02-23T22:00:17.819424,2.28002547,0.729672,16.4939,345.4935,190.7868,342.384,0,U,59020,999,0,0,-5.83e-06,0
COSMOS 2575,2024-026A,2024-02-24T12:02:30.503616,15.72352461,0.0006587,96.7547,313.6155,347.4559,12.6541,0,U,58929,999,239,0.00022725,0.00030053,0
2024-032A,2024-032A,2024-03-02T02:48:16.030080,14.66579647,0.0002368,98.1173,119.373,187.5149,172.602,0,U,58987,999,206,0.00011726,6.03e-06,0
STARLINK-30863,2024-038E,2024-03-01T16:00:00.999936,15.93933185,0.000123,43.0056,234.3555,272.3277,177.7242,0,U,59027,999,179,-0.0032172,-0.01224084,0.00044562
STARLINK-31356,2024-031D,2024-03-02T02:00:01.000224,15.66899651,0.0001398,53.1609,122.992,73.6289,153.7476,0,U,58968,999,354,0.0014566,0.00159792,0
STARLINK-31324,2024-031M,2024-02-24T07:14:58.498080,15.80440655,1.36e-05,53.1686,156.5092,345.6782,14.4237,0,U,58976,999,253,-0.0015106,-0.00283526,0
STARLINK-31491,2024-036P,2024-03-02T04:00:00.999936,15.78938621,0.0001277,53.1653,265.1193,88.3549,61.761,0,U,59011,999,240,-0.0083943,-0.0135447,0
HBTSS-SV2,2024-028A,2024-02-24T02:42:45.231264,13.70231976,0.000788,39.992,321.1411,48.1342,312.0076,0,U,58955,999,126,0.0002797,1.71e-06,0
2024-023E,2024-023E,2024-03-02T02:49:31.397664,14.90928764,0.0010585,50.0055,305.2918,354.0573,6.0241,0,U,58909,999,419,0.00040172,3.771e-05,0
INSAT-3DS,2024-033A,2024-02-18T06:09:05.908896,2.12501023,0.7439297,19.4346,272.9648,178.6043,206.5352,0,U,58990,999,2,0.014711,0.00477622,8.9628e-07
2024-039B,2024-039B,2024-03-02T10:07:58.279584,15.2240751,0.0018358,97.381,25.82,227.916,231.2541,0,U,59052,999,32,0.00064703,0.00014967,0
2024-039L,2024-039L,2024-03-01T22:38:48.381792,15.22755482,0.0017594,97.3815,25.3521,229.3183,130.6527,0,U,59061,999,25,0.00064477,0.00015063,0
STARLINK-31468,2024-036A,2024-03-01T16:00:00.999936,15.79952232,0.0001184,53.167,267.6683,94.3816,67.2432,0,U,58998,999,232,-0.0071457,-0.0120159,0
STARLINK-31226,2024-019F,2024-02-24T06:00:00.999648,15.25863982,9.1e-05,42.9999,125.825,269.9455,140.1927,0,U,58858,999,531,0.0014986,0.00039097,0
2024-023D,2024-023D,2024-03-02T03:19:01.024320,14.89618512,0.0007787,49.9927,305.3855,20.9049,339.2209,0,U,58908,999,419,0.00030377,2.696e-05,0
2024-023E,2024-023E,2024-02-24T11:34:24.477600,14.90868469,0.0010744,50.0068,336.3879,328.2831,31.7462,0,U,58909,999,320,0.00053713,5.118e-05,0
STARLINK-31359,2024-027Q,2024-02-27T10:00:00.999936,15.70839654,7.9e-05,53.1625,150.8588,90.6214,247.9679,0,U,58945,999,373,-0.015673,-0.01749052,0
STARLINK-31230,2024-020Q,2024-02-24T06:00:00.999648,15.28011366,0.0001496,53.1593,179.5351,101.0804,292.0531,0,U,58890,999,515,0.000134,3.361e-05,0
2024-024G,2024-024G,2024-02-24T11:03:49.151520,15.18342231,0.0010638,97.4054,132.5099,214.3755,145.6792,0,U,58923,999,323,0.00048692,9.951e-05,0
2024-039V,2024-039V,2024-03-01T14:41:20.003712,14.45056863,0.0014654,88.9982,23.6634,294.319,65.6881,0,U,59072,999,18,-0.0012917,-4.494e-05,0
STARLINK-31321,2024-020M,2024-02-24T14:00:01.999872,15.28049282,0.0001204,53.1594,178.0446,77.1824,324.8608,0,U,58887,999,515,-0.0031788,-0.00087445,0
HBTSS-SV1,2024-028F,2024-02-24T02:39:59.986944,13.70519303,0.0008357,39.9921,321.1297,57.3247,302.8305,0,U,58960,999,125,0.0003218,2.09e-06,0
STARLINK-31320,2024-020L,2024-02-24T14:00:01.999872,15.28174503,0.0001318,53.1596,178.0956,96.4641,279.8889,0,U,58886,999,531,-0.0087061,-0.00235122,0
STARLINK-31379,2024-031V,2024-02-24T07:10:52.220064,15.80631196,8.37e-05,53.1678,156.489,22.4102,337.6957,0,U,58984,999,253,-0.0019213,-0.00360454,0
STARLINK-31326,2024-020B,2024-02-24T08:27:12.406752,15.45484098,0.0001663,53.1615,178.823,58.189,301.9279,0,U,58877,999,528,0.00020508,9.571e-05,0
2024-023C,2024-023C,2024-03-02T03:20:25.147680,14.89566543,0.0007284,50.0011,305.413,19.9491,340.1733,0,U,58907,999,419,0.00030074,2.663e-05,0
FREGAT R/B,2024-039W,2024-03-01T22:55:16.320864,14.47908264,0.0032217,89.0041,23.6137,275.6092,84.1427,0,U,59073,999,22,0.0011089,4.15e-05,0
STARLINK-31158,2024-019B,2024-02-24T14:00:01.999872,15.2586032,0.0001173,42.9997,123.8589,263.8098,216.9731,0,U,58854,999,517,0.0028191,0.00074119,0
STARLINK-31116,2024-027S,2024-02-24T12:00:00.999648,15.62657391,0.0001013,53.1601,165.5531,108.2024,138.2634,0,U,58947,999,298,-0.021574,-0.01758669,0
2024-024H,2024-024H,2024-02-24T11:04:32.923488,15.18332399,0.0011108,97.4025,132.5004,213.1527,146.9012,0,U,58924,999,3995,0.00074181,0.00015203,0
2024-024E,2024-024E,2024-03-02T03:00:47.039616,15.17781524,0.0011029,97.3957,138.987,185.3404,174.7714,0,U,58921,999,424,0.00023785,4.746e-05,0
MERAH PUTIH 2,2024-035A,2024-03-01T14:39:10.427040,0.99963051,0.0004258,0.0673,292.6967,59.8601,141.2667,0,U,58995,999,19,0,-3.22e-06,0
STARLINK-31380,2024-031Q,2024-02-24T07:13:25.146336,15.80556244,6.49e-05,53.1682,156.5021,37.9947,322.1121,0,U,58979,999,253,-0.0014931,-0.00281819,0
STARLINK-31227,2024-038D,2024-03-01T16:00:00.999936,15.93758656,0.0001428,43.0055,234.3608,287.6428,160.4108,0,U,59026,999,189,-0.0031916,-0.01203368,0.00043118
STARLINK-31331,2024-027R,2024-03-01T04:00:01.999584,15.43891672,0.0001148,53.1588,138.3423,130.5885,116.2104,0,U,58946,999,407,-0.00062173,-0.00028991,0
PACE,2024-025A,2024-02-23T19:47:59.521344,14.65253496,0.0001092,98.0883,348.1849,65.5723,294.5594,0,U,58928,999,227,0.00020271,1.045e-05,0
STARLINK-31333,2024-031G,2024-03-01T22:00:00.999936,15.60675823,6.41e-05,53.1603,123.8335,89.6287,263.5682,0,U,58971,999,360,-0.023141,-0.01746914,0
STARLINK-31345,2024-027L,2024-02-24T12:00:00.999648,15.62677208,9.13e-05,53.1603,165.5789,82.5314,152.0886,0,U,58941,999,324,-0.021579,-0.01760207,0
OBJECT_NAME,OBJECT_ID,EPOCH,MEAN_MOTION,ECCENTRICITY,INCLINATION,RA_OF_ASC_NODE,ARG_OF_PERICENTER,MEAN_ANOMALY,EPHEMERIS_TYPE,CLASSIFICATION_TYPE,NORAD_CAT_ID,ELEMENT_SET_NO,REV_AT_EPOCH,BSTAR,MEAN_MOTION_DOT,MEAN_MOTION_DDOT
RAPTOR3,2024-028D,2024-03-02T00:52:16.483296,13.70378181,0.0007751,39.9909,289.3252,97.3283,262.8345,0,U,58958,999,220,2.8619e-05,-5.2e-07,0
STARLINK-31217,2024-038P,2024-03-01T16:00:00.999936,15.94700506,0.0001625,43.0051,234.333,255.7443,202.9815,0,U,59036,999,195,-0.0032423,-0.01284727,0.00049056
2024-024J,2024-024J,2024-02-24T11:06:09.270720,15.18124487,0.0011372,97.4028,132.5006,213.6463,146.4051,0,U,58925,999,3994,0.00057044,0.00011601,0
STARLINK-31383,2024-027F,2024-02-24T12:00:00.999648,15.62689248,7.62e-05,53.1605,165.6012,84.0361,140.7136,0,U,58936,999,324,-0.021498,-0.01754961,0
STARLINK-31346,2024-027N,2024-03-02T06:00:00.999648,15.43852137,9.34e-05,53.1586,133.2174,93.0498,52.4188,0,U,58943,999,423,0.00052477,0.00023829,0
STARLINK-31294,2024-027U,2024-02-24T12:00:00.999648,15.62649081,9.5e-05,53.1602,165.5469,84.7455,165.6712,0,U,58949,999,324,-0.021563,-0.01757317,0
STARLINK-31449,2024-031B,2024-02-24T07:20:01.748256,15.80213865,2.2e-05,53.1687,156.5339,124.2172,235.8871,0,U,58966,999,253,-0.00098573,-0.00185413,0
LEMUR-2-OBA-NI-JESU,2024-022D,2024-02-23T12:37:12.571680,15.12620311,0.0012816,97.488,257.047,190.6584,169.4377,0,U,58902,999,351,0.00041639,7.225e-05,0
STARLINK-31379,2024-031V,2024-03-01T16:00:00.999936,15.61462002,8.63e-05,53.16,125.0011,69.6859,342.2917,0,U,58984,999,356,-0.021904,-0.01709353,0
STARLINK-31383,2024-027F,2024-03-01T22:00:00.999936,15.42382056,0.0001383,53.1589,134.8278,60.6157,16.904,0,U,58936,999,428,-0.056465,-0.02221501,0
2024-024E,2024-024E,2024-02-24T11:12:01.603008,15.17707831,0.0010436,97.3977,132.4803,209.2794,150.7856,0,U,58921,999,323,0.00028868,5.762e-05,0
STARLINK-31311,2024-027T,2024-03-01T16:00:00.999936,15.43842969,9.26e-05,53.1583,135.9657,79.2298,71.8905,0,U,58948,999,388,0.00073433,0.00033545,0
RAPTOR1,2024-028C,2024-02-24T02:41:49.579296,13.70326834,0.0007913,39.9915,321.1411,50.9558,309.1892,0,U,58957,999,125,6.4593e-05,-2e-07,0
STARLINK-31361,2024-031K,2024-02-24T07:16:33.165696,15.80360133,5.76e-05,53.1684,156.5172,352.2352,7.8661,0,U,58974,999,253,-0.0016005,-0.00298746,0
STARLINK-31353,2024-031R,2024-02-24T07:12:21.595680,15.806006,6.7e-05,53.1677,156.4954,124.2783,235.8303,0,U,58980,999,248,-0.003255,-0.00593298,0
STARLINK-31240,2024-038U,2024-03-01T16:00:00.999936,15.95207951,0.0001272,43.0048,234.3189,268.8624,195.469,0,U,59041,999,189,-0.0032712,-0.01331509,0.00052642
2024-039D,2024-039D,2024-03-02T10:15:49.735872,15.22480382,0.0018028,97.3808,25.8256,228.6672,260.9124,0,U,59054,999,33,0.00069946,0.0001622,0
STARLINK-31218,2024-020V,2024-02-24T06:00:00.999648,15.32184365,0.0001138,53.1593,179.4448,73.3271,4.705,0,U,58895,999,515,-0.077707,-0.02193709,0
STARLINK-31153,2024-038X,2024-03-01T16:00:00.999936,15.95396887,0.0001406,43.0047,234.3133,278.2375,188.2434,0,U,59044,999,179,-0.0032767,-0.01347298,0.00053893
STARLINK-31314,2024-031C,2024-02-29T08:00:01.000224,15.6666216,0.0001283,53.1608,131.5877,65.6914,1.9529,0,U,58967,999,334,-0.018581,-0.01743756,0
2024-039T,2024-039T,2024-03-02T04:34:06.214080,14.81311397,0.0175171,95.3923,25.0401,351.3372,8.4833,0,U,59068,999,26,0.00084993,8.627e-05,0
STARLINK-31346,2024-027N,2024-02-24T12:00:00.999648,15.62670495,9.51e-05,53.1601,165.5705,83.8782,154.6912,0,U,58943,999,319,-0.021579,-0.01759812,0
STARLINK-31521,2024-036T,2024-03-02T04:00:00.999936,15.79009939,0.0001195,53.1653,265.0976,94.9603,65.6488,0,U,59015,999,240,-0.0087722,-0.01412683,0
2024-024L,2024-024L,2024-03-02T04:13:54.340896,15.19279955,0.0011108,97.4038,139.1019,193.8317,166.2615,0,U,58927,999,384,0.0013609,0.00028774,0
STARLINK-31190,2024-020X,2024-02-24T14:00:01.999872,15.32615982,0.0001422,53.1596,177.8555,72.3956,64.7042,0,U,58897,999,504,-0.077467,-0.02214738,0
DRUMS TARGET-2,2021-102N,2024-03-01T15:38:23.455104,15.09196994,0.0018046,97.4469,112.1155,255.0864,104.8367,0,U,58954,999,959,0.00095514,0.00015196,0
STARLINK-31435,2024-036G,2024-03-01T16:00:00.999936,15.80152456,0.0001185,53.1668,267.6436,80.9235,92.5831,0,U,59004,999,233,-0.0074828,-0.01261927,0
2024-039S,2024-039S,2024-03-01T22:05:09.915360,14.81208668,0.0175559,95.3927,24.8585,352.2904,7.5615,0,U,59067,999,22,0.0010131,0.00010276,0
STARLINK-31237,2024-019C,2024-02-24T14:00:01.999872,15.28564165,0.0003062,43.0008,124.0636,300.6255,95.5514,0,U,58855,999,525,0.0042734,0.00122965,0
STARLINK-31385,2024-031W,2024-02-24T08:17:56.752800,15.89952461,1.03e-05,53.1682,156.0627,325.2717,34.8303,0,U,58985,999,253,-0.00039188,-0.00119222,0
STARLINK-31351,2024-031H,2024-03-01T14:00:01.000224,15.61888204,7.24e-05,53.1602,125.4544,73.2991,207.1835,0,U,58972,999,355,-0.021434,-0.0170159,0
STARLINK-31223,2024-019N,2024-02-24T14:00:01.999872,15.25873043,0.0001584,42.9997,123.8879,283.5018,184.8361,0,U,58865,999,521,0.0024613,0.00064621,0
2024-023C,2024-023C,2024-02-24T11:56:36.311136,14.89518848,0.0007423,50.0021,336.4748,354.0923,5.993,0,U,58907,999,320,0.00047777,4.368e-05,0
STARLINK-31215,2024-019V,2024-02-23T22:00:01.999584,15.25865865,0.0001867,43.0002,128.0002,274.1747,338.3509,0,U,58872,999,510,0.0014783,0.00038564,0
ELECTRON KICK STAGE R/B,2024-022C,2024-02-24T02:58:12.519264,15.12532599,0.0014544,97.4893,257.6317,199.6699,160.3972,0,U,58901,999,359,0.00057917,0.00010059,0
STARLINK-31335,2024-031E,2024-02-24T07:18:28.453536,15.80221657,6.57e-05,53.1688,156.5261,55.1836,304.9248,0,U,58969,999,253,-0.0033189,-0.00594372,0
2024-024A,2024-024A,2024-03-02T03:00:20.727360,15.18149991,0.000952,97.4,139.0045,177.0353,183.0939,0,U,58917,999,425,0.00076646,0.00015623,0
STARLINK-31245,2024-020R,2024-02-23T05:21:11.285856,15.9455061,0.0002677,53.1574,180.1857,14.6455,345.465,0,U,58891,999,516,-0.00083474,-0.00328322,4.6756e-05
STARLINK-31449,2024-031B,2024-03-01T22:00:00.999936,15.60726665,8.52e-05,53.1605,123.8528,95.2066,248.5679,0,U,58966,999,359,-0.023091,-0.01746726,0
2024-024J,2024-024J,2024-03-02T02:52:04.751616,15.18259032,0.0011917,97.4006,139.0141,190.0408,170.059,0,U,58925,999,4095,0.0004579,9.334e-05,0
2024-039M,2024-039M,2024-03-02T04:57:14.672448,15.22803871,0.0017166,97.3814,25.6115,228.4787,131.4977,0,U,59062,999,29,0.00073653,0.00017243,0
2024-040B,2024-040B,2024-02-29T15:38:06.148320,2.39359911,0.7232175,27.668,351.7493,178.5034,79.1556,0,U,59070,999,0,0,-3.65e-06,2.9553e-07
2024-023M,2024-023M,2024-02-24T10:59:25.444896,14.68918595,0.0099205,49.8996,339.4511,312.3312,46.9246,0,U,58916,999,315,0.00025933,1.428e-05,0
STARLINK-31350,2024-027C,2024-02-24T12:00:00.999648,15.62699711,0.0001082,53.16,165.6073,90.5349,130.2632,0,U,58933,999,324,-0.021567,-0.01760823,0
2024-024G,2024-024G,2024-03-02T04:23:15.984960,15.1847635,0.0011203,97.4033,139.0916,190.4781,169.6222,0,U,58923,999,425,0.00045813,9.396e-05,0
STARLINK-31431,2024-036E,2024-03-01T16:00:00.999936,15.80089629,0.000119,53.167,267.6519,83.2856,86.1933,0,U,59002,999,232,-0.007364,-0.01241033,0
2024-023B,2024-023B,2024-02-24T11:59:41.619264,14.88953258,0.0007744,50.0011,336.4856,338.3357,21.7255,0,U,58906,999,320,0.00053413,4.842e-05,0
RAPTOR1,2024-028C,2024-03-02T00:53:07.913760,13.70327767,0.0007795,39.9899,289.3354,95.4705,264.693,0,U,58957,999,220,7.6576e-05,-1e-07,0
ELECTRON R/B,2024-034C,2024-03-02T03:45:05.502816,15.98412915,0.0139656,98.2089,32.096,185.0237,304.9816,0,U,58994,999,196,0.0016308,0.02312629,2.6517e-06
STARLINK-31450,2024-036J,2024-03-02T04:00:00.999936,15.78860023,0.0001183,53.1658,265.1316,92.409,51.798,0,U,59006,999,240,-0.0082328,-0.01326825,0
2024-024D,2024-024D,2024-03-02T02:51:17.435520,15.18508742,0.0010305,97.4018,139.0185,188.8607,171.2447,0,U,58920,999,424,0.00083217,0.00017151,0
STARLINK-31229,2024-031X,2024-02-24T07:09:47.586816,15.80721672,5.08e-05,53.1677,156.4845,13.4662,346.6374,0,U,58986,999,253,-0.0016459,-0.00311884,0
STARLINK-31315,2024-020J,2024-02-24T08:18:00.833472,15.75111894,0.0002216,53.1595,175.8611,22.7553,337.3565,0,U,58884,999,516,0.0011806,0.00183292,0
STARLINK-31384,2024-031U,2024-02-24T07:11:22.691616,15.80605055,4.24e-05,53.1679,156.4927,58.8722,301.2342,0,U,58983,999,253,-0.0018132,-0.00340551,0
STARLINK-31186,2024-038H,2024-03-01T16:00:00.999936,15.94143953,0.000152,43.0054,234.3496,262.9316,189.44,0,U,59030,999,189,-0.0032224,-0.01239801,0.00045709
STARLINK-31229,2024-031X,2024-02-29T08:00:01.000224,15.66237465,0.0001591,53.1607,131.5118,73.5085,30.8089,0,U,58986,999,332,-0.017602,-0.01637729,0
STARLINK-31456,2024-036K,2024-03-02T04:00:00.999936,15.78836917,0.0001166,53.1657,265.136,92.8641,49.34,0,U,59007,999,240,-0.0081754,-0.01293356,0
TJS-11,2024-037A,2024-02-24T01:47:57.877152,2.28002547,0.7296716,16.4937,345.4302,190.9059,112.1548,0,U,59020,999,1,0,-5.78e-06,0
STARLINK-31337,2024-027D,2024-02-24T12:00:00.999648,15.62703225,0.0001025,53.16,165.6114,93.5204,125.3029,0,U,58934,999,324,-0.021563,-0.01760717,0
AAC-AIS-SAT3,2023-174DJ,2024-02-23T21:20:35.876832,14.73542872,0.0007384,97.7316,129.5229,187.2592,172.8511,0,U,58997,999,1629,0.00039363,2.514e-05,0
STARLINK-31529,2024-036C,2024-03-01T16:00:00.999936,15.80015963,8.52e-05,53.1669,267.6597,89.3249,76.3293,0,U,59000,999,232,-0.0072709,-0.01223266,0
SL-4 R/B,2024-026B,2024-03-01T17:10:03.663552,15.7534873,0.0002628,96.7554,319.7101,285.7654,74.3322,0,U,58930,999,335,0.00047334,0.00071565,0
STARLINK-31355,2024-031P,2024-03-02T06:00:00.999648,15.59371723,8.9e-05,53.1607,122.1863,91.8498,347.5516,0,U,58978,999,366,-0.024501,-0.0175767,0
STARLINK-31365,2024-031J,2024-02-29T14:00:01.000224,15.65615617,8.64e-05,53.1607,130.335,71.1794,340.3624,0,U,58973,999,336,-0.018632,-0.01683604,0
STARLINK-31361,2024-031K,2024-02-29T04:00:00.999936,15.67195568,0.0001168,53.1609,132.3813,111.6502,106.9831,0,U,58974,999,332,-0.017567,-0.01692017,0
STARLINK-31213,2024-019H,2024-02-23T22:00:01.999584,15.25885728,0.0001352,43.0003,128.1176,272.4151,290.3708,0,U,58860,999,534,0.0013448,0.00035062,0
STARLINK-31355,2024-031P,2024-02-24T07:13:54.658848,15.80603441,4.29e-05,53.1678,156.5044,321.079,39.0202,0,U,58978,999,253,-0.00093511,-0.0017923,0
2024-023M,2024-023M,2024-03-02T02:59:41.154432,14.68934489,0.00991,49.8986,309.1979,337.5327,22.128,0,U,58916,999,413,0.00016754,8.42e-06,0
STARLINK-31440,2024-036B,2024-03-01T16:00:00.999936,15.79991934,0.0001202,53.1669,267.6641,94.6559,68.8236,0,U,58999,999,205,-0.0071851,-0.01209448,0
STARLINK-30945,2024-019X,2024-02-24T14:00:01.999872,15.2592367,9.46e-05,42.9997,123.9042,258.8073,197.086,0,U,58874,999,536,-0.0030033,-0.00078022,0
STARLINK-31238,2024-019A,2024-02-22T12:33:15.455520,15.45260211,0.0001292,43.0007,135.3412,294.4771,65.5952,0,U,58853,999,474,-0.0033578,-0.00160549,0
RAPTOR4,2024-028B,2024-02-24T02:42:16.776288,13.70279639,0.0007903,39.9923,321.1353,49.3472,310.7961,0,U,58956,999,125,8.4624e-05,-3e-08,0
STARLINK-31373,2024-031A,2024-03-01T22:00:00.999936,15.60736706,8.92e-05,53.1605,123.8566,94.2925,247.6014,0,U,58965,999,360,-0.023088,-0.01747153,0
STARLINK-30996,2024-038A,2024-03-01T16:00:00.999936,15.93487194,0.0001655,43.0057,234.3688,272.6967,172.195,0,U,59023,999,189,-0.0032028,-0.01190495,0.00042165
PROGRESS-MS 26,2024-029A,2024-03-01T16:57:34.903008,15.49529377,0.000556,51.6411,128.0425,310.6946,194.0469,0,U,58961,999,44188,0.00031417,0.00017226,0
STARLINK-31220,2024-038S,2024-03-01T16:00:00.999936,15.94898541,0.0001748,43.0049,234.3274,253.8767,207.0741,0,U,59039,999,189,-0.0032454,-0.01299591,0.00050199
STARLINK-31377,2024-027H,2024-03-02T06:00:00.999648,15.42622165,0.0001575,53.1591,133.2386,89.6824,45.5941,0,U,58938,999,418,-0.055728,-0.02211626,0
STARLINK-31317,2024-027A,2024-02-24T06:00:00.999648,15.63616392,0.0001142,53.1599,166.8385,96.6422,150.5949,0,U,58931,999,319,-0.020109,-0.01677919,0
STARLINK-31368,2024-031F,2024-02-29T08:00:01.000224,15.66629666,0.0001096,53.1612,131.5764,80.695,352.7764,0,U,58970,999,332,-0.01856,-0.01739879,0
STARLINK-31371,2024-027K,2024-03-02T06:00:00.999648,15.44332245,0.0001664,53.1589,133.2294,80.1698,59.4855,0,U,58940,999,428,-0.049044,-0.02043032,0
2024-023K,2024-023K,2024-02-24T12:11:02.565312,14.88218058,0.0017162,49.9971,336.5267,35.3164,324.891,0,U,58914,999,320,0.00054643,4.874e-05,0
COSMOS 2575,2024-026A,2024-03-02T02:52:22.189728,15.72730622,0.0005519,96.7526,320.0296,317.1069,42.9766,0,U,58929,999,343,0.00023076,0.00031003,0
STARLINK-31371,2024-027K,2024-02-24T12:00:00.999648,15.62678969,0.0001173,53.1604,165.5833,75.3283,157.317,0,U,58940,999,324,-0.021566,-0.01759514,0
STARLINK-31380,2024-031Q,2024-02-29T16:00:00.999936,15.652507,0.0001006,53.16,129.9054,70.7345,100.3626,0,U,58979,999,340,-0.018798,-0.01675004,0
STARLINK-31293,2024-027X,2024-02-24T12:00:00.999648,15.62641861,5.66e-05,53.1606,165.5433,55.3972,196.9979,0,U,58952,999,314,-0.021544,-0.01755279,0
STARLINK-31287,2024-027V,2024-02-24T12:00:00.999648,16.0201429,0.0001908,53.1642,164.176,26.6677,172.067,0,U,58950,999,299,-0.0015009,-0.00888424,0.00027427
STARLINK-31365,2024-031J,2024-02-24T07:16:00.994656,15.80398468,4e-05,53.1682,156.5149,63.1344,296.9719,0,U,58973,999,253,-0.001504,-0.00281809,0
ELECTRON KICK STAGE R/B,2024-034B,2024-03-01T21:50:29.311008,15.01664747,0.0046559,98.2069,30.0861,43.6744,316.8148,0,U,58993,999,184,0.00099527,0.00013179,0
STARLINK-31306,2024-020A,2024-02-23T22:00:01.999584,15.27968876,0.0001315,53.1609,181.383,73.934,131.8946,0,U,58876,999,521,0.0022413,0.00062153,0
STARLINK-31206,2024-038F,2024-03-01T16:00:00.999936,15.93852814,0.0001647,43.0056,234.3582,274.6028,174.4861,0,U,59028,999,191,-0.0032156,-0.01218386,0.00044148
ADRAS-J,2024-034A,2024-03-02T02:49:49.317024,15.00598057,0.0046565,98.2028,30.2705,42.596,317.8859,0,U,58992,999,187,0.0005546,7.102e-05,0
HBTSS-SV1,2024-028F,2024-03-02T02:34:50.381184,13.70522282,0.0008376,39.9904,288.9837,102.6811,257.4872,0,U,58960,999,221,0.00022463,1.23e-06,0
STARLINK-31294,2024-027U,2024-03-01T22:00:00.999936,15.43826996,0.0001167,53.1583,134.7745,94.9865,8.3154,0,U,58949,999,428,0.00069161,0.00031544,0
PROGRESS-MS 26,2024-029A,2024-02-23T17:49:37.411968,15.50282332,0.0001898,51.6406,162.5138,308.4093,206.3967,0,U,58961,999,44080,0.00030204,0.00016991,0
2024-032C,2024-032C,2024-02-24T11:49:08.520672,14.67834628,0.0004678,98.1143,112.8268,323.3944,36.694,0,U,58989,999,109,0.00034459,1.919e-05,0
2024-023B,2024-023B,2024-03-02T03:32:37.360896,14.88061606,0.0005627,50,305.4634,330.7818,29.2806,0,U,58906,999,419,0.00038781,3.37e-05,0
STARLINK-31331,2024-027R,2024-02-24T12:00:00.999648,15.62661523,8.69e-05,53.1601,165.557,82.0954,162.3971,0,U,58946,999,315,-0.0216,-0.0176074,0
STARLINK-31007,2024-020P,2024-02-24T14:00:01.999872,15.28007147,7.74e-05,53.1595,178.0411,118.072,285.7032,0,U,58889,999,532,0.0016226,0.00044846,0
STARLINK-31353,2024-031R,2024-02-29T10:00:01.999584,15.66194931,9.73e-05,53.1606,131.1235,62.1783,142.89,0,U,58980,999,331,-0.018754,-0.01728667,0
RAPTOR3,2024-028D,2024-02-24T02:41:20.356224,13.70377289,0.0007891,39.9923,321.132,52.6572,307.4892,0,U,58958,999,125,3.6769e-05,-4.5e-07,0
STARLINK-31527,2024-036W,2024-03-02T04:00:00.999936,15.79068103,0.0001173,53.1653,265.085,87.714,79.011,0,U,59018,999,240,-0.0089778,-0.01445386,0
STARLINK-31488,2024-036M,2024-03-02T04:00:00.999936,15.78906312,0.0001219,53.1655,265.1233,96.9754,51.2478,0,U,59009,999,240,-0.0083617,-0.01347958,0
STARLINK-31235,2024-038R,2024-03-01T16:00:00.999936,15.95005606,0.000155,43.0049,234.3245,256.3434,205.7172,0,U,59038,999,189,-0.003274,-0.01318371,0.0005159
SL-4 R/B,2024-026B,2024-02-24T11:43:22.839456,15.74420853,0.0003528,96.7576,313.6513,329.562,30.5441,0,U,58930,999,237,0.00049171,0.00071437,0
AAC-AIS-SAT3,2023-174DJ,2024-03-02T03:43:15.760992,14.73579473,0.0007909,97.7296,136.4482,164.5538,195.5913,0,U,58997,999,1739,0.00033852,2.157e-05,0
2024-032B,2024-032B,2024-02-21T10:15:45.408096,14.66967822,0.0001717,98.12,109.7876,268.0294,92.0713,0,U,58988,999,64,0.0025736,0.00014389,0
STARLINK-31336,2024-027P,2024-02-24T12:00:00.999648,15.62667325,9.51e-05,53.16,165.5655,81.0752,159.4689,0,U,58944,999,324,-0.021587,-0.01760198,0
STARLINK-31525,2024-036D,2024-03-01T16:00:00.999936,15.80051553,9.38e-05,53.1668,267.6558,91.0696,76.5018,0,U,59001,999,232,-0.0073075,-0.01230553,0
STARLINK-31359,2024-027Q,2024-02-24T08:00:01.000224,15.77488297,0.0001741,53.1666,166.1536,74.9245,60.7909,0,U,58945,999,321,-0.0076641,-0.01157388,0
CZ-5 R/B,2024-037B,2024-02-26T21:46:37.126560,2.45330815,0.715081,16.5039,344.0421,192.637,129.7628,0,U,59021,999,8,0.00070824,3.262e-05,0
FALCON 9 R/B,2024-035B,2024-03-01T13:52:21.102528,1.38508337,0.8031362,20.6964,287.9514,182.6469,165.4201,0,U,58996,999,12,0.0016909,8.09e-06,0
2024-039K,2024-039K,2024-03-01T22:38:50.974656,15.22725693,0.0017479,97.3817,25.3525,228.59,131.3837,0,U,59060,999,25,0.00062528,0.00014591,0
RAPTOR2,2024-028E,2024-02-24T02:40:52.712544,13.70425728,0.0007844,39.9919,321.1368,54.4661,305.6816,0,U,58959,999,125,8.2596e-05,-4e-08,0
STARLINK-31385,2024-031W,2024-03-02T06:00:00.999648,15.7316372,3.77e-05,53.1619,121.4732,27.8979,43.6935,0,U,58985,999,363,-5.6006e-05,-8.458e-05,0
STARLINK-31354,2024-027M,2024-02-24T12:00:00.999648,15.62673592,0.0001091,53.1602,165.5745,89.9415,146.653,0,U,58942,999,324,-0.021584,-0.01760447,0
2024-024B,2024-024B,2024-02-24T11:16:22.521504,15.17629735,0.0010638,97.403,132.4915,202.4416,157.6354,0,U,58918,999,323,0.00054732,0.00010968,0
STARLINK-31368,2024-031F,2024-02-24T07:17:59.965728,15.80345477,6.47e-05,53.1692,156.5251,327.8696,32.2287,0,U,58970,999,253,-0.0009408,-0.00178219,0
2024-040A,2024-040A,2024-02-29T16:04:13.071072,2.27620421,0.7290395,27.6946,351.7233,179.5951,89.9948,0,U,59069,999,0,0,-1.76e-06,0
STARLINK-31351,2024-031H,2024-02-24T07:16:58.009152,15.80331753,4.72e-05,53.1685,156.5194,12.0883,348.0151,0,U,58972,999,253,-0.0014025,-0.00262613,0
2024-039F,2024-039F,2024-03-02T03:22:58.824768,15.22589058,0.0017511,97.3826,25.5495,228.7191,131.2545,0,U,59056,999,28,0.00076271,0.00017749,0
2024-023G,2024-023G,2024-03-02T03:21:59.315040,14.88048369,0.0004932,50.0068,305.4355,313.4309,46.622,0,U,58911,999,419,0.00038914,3.381e-05,0
STARLINK-31528,2024-036N,2024-03-02T04:00:00.999936,15.78949787,0.0001365,53.1655,265.1146,95.3825,56.8701,0,U,59010,999,240,-0.0084688,-0.01365866,0
2024-024K,2024-024K,2024-02-24T11:02:52.235520,15.74533667,0.0213357,97.4119,134.1158,258.2735,99.4522,0,U,58926,999,4004,0.00069025,0.00470159,2.3277e-06
2024-032A,2024-032A,2024-02-24T10:20:05.257824,14.66570113,0.0001913,98.1186,112.7567,212.3453,147.7634,0,U,58987,999,108,0.00012442,6.42e-06,0
2024-039C,2024-039C,2024-03-02T10:14:20.819904,15.22423267,0.0018415,97.3808,25.825,227.9315,255.5637,0,U,59053,999,31,0.00078837,0.00018268,0
ADRAS-J,2024-034A,2024-02-24T10:47:28.550400,15.00501452,0.0046574,98.2003,23.2389,63.8157,296.7843,0,U,58992,999,87,0.00052092,6.649e-05,0
STARLINK-31350,2024-027C,2024-03-01T22:00:00.999936,15.40572421,0.0001197,53.1589,134.8426,64.2793,6.0771,0,U,58933,999,424,-0.060081,-0.02223923,0
FALCON 9 R/B,2024-035B,2024-02-22T10:58:19.029216,1.37749614,0.8037902,20.7896,289.6888,179.5464,72.0594,0,U,58996,999,2,0,-9.4e-07,0
STARLINK-31369,2024-031L,2024-03-01T18:00:02.000160,15.61269256,0.0001155,53.1597,124.6308,67.7057,75.9852,0,U,58975,999,358,-0.022745,-0.01756295,0
2024-023J,2024-023J,2024-02-24T11:24:03.178656,14.9141561,0.0007834,50.0067,336.343,342.3911,17.6758,0,U,58913,999,320,0.00052673,5.084e-05,0
STARLINK-31216,2024-019E,2024-02-24T14:00:01.999872,15.25896578,0.0001538,43.0001,123.4138,282.5801,12.3705,0,U,58857,999,521,0.00072565,0.00018765,0
2024-023L,2024-023L,2024-03-02T02:57:42.398496,14.90318639,0.0011054,50.0008,305.3147,37.0383,323.1319,0,U,58915,999,419,0.00046953,4.38e-05,0
STARLINK-31390,2024-027G,2024-03-02T06:00:00.999648,15.42627207,0.0001507,53.1591,133.2424,85.6119,47.7531,0,U,58937,999,428,-0.055752,-0.02212782,0
STARLINK-31406,2024-036V,2024-03-02T04:00:00.999936,15.79053798,0.000103,53.1653,265.0895,86.9567,77.6819,0,U,59017,999,240,-0.0089077,-0.01434469,0
2024-023F,2024-023F,2024-02-24T11:51:43.938720,14.89808909,0.0008732,49.9907,336.432,358.847,1.245,0,U,58910,999,320,0.00069575,6.522e-05,0
LEMUR-2-NIMBUS2000,2024-022A,2024-02-24T11:02:54.106944,15.1211803,0.0015258,97.4885,257.9478,204.6203,155.4301,0,U,58899,999,365,0.00046989,8.055e-05,0
STARLINK-31377,2024-027H,2024-02-24T12:00:00.999648,15.6268532,0.0001284,53.1601,165.5906,75.0272,153.6691,0,U,58938,999,314,-0.021553,-0.01759024,0
STARLINK-31241,2024-038Y,2024-03-01T16:00:00.999936,15.95598864,0.0001575,43.0049,234.3079,274.4912,194.2241,0,U,59045,999,195,-0.0032852,-0.01365497,0.00055347
STARLINK-31219,2024-019P,2024-02-24T06:00:00.999648,15.25986431,0.0001631,42.9998,126.272,238.0217,345.4767,0,U,58866,999,506,-0.0040975,-0.00106158,0
2024-023L,2024-023L,2024-02-24T11:38:39.151104,14.9043159,0.0010439,50.002,336.3971,12.5007,347.6192,0,U,58915,999,320,0.00060104,5.692e-05,0
2024-024A,2024-024A,2024-02-24T11:13:28.015104,15.17925111,0.0009025,97.4022,132.4923,199.7288,160.3598,0,U,58917,999,324,0.00082756,0.00016765,0
2024-023A,2024-023A,2024-03-02T02:17:31.485120,14.88052395,0.0009408,49.996,305.8597,42.8533,317.3139,0,U,58905,999,418,0.00040224,3.504e-05,0
2024-024D,2024-024D,2024-02-24T11:06:38.409984,15.1827203,0.0009759,97.404,132.5028,211.6612,148.4036,0,U,58920,999,323,0.00083565,0.00017103,0
STARLINK-31390,2024-027G,2024-02-24T12:00:00.999648,15.62689357,0.0001151,53.1603,165.5949,98.0942,128.6277,0,U,58937,999,324,-0.021551,-0.01759051,0
2024-024C,2024-024C,2024-02-24T11:08:56.635296,15.18085124,0.00097,97.4027,132.4969,210.8307,149.2358,0,U,58919,999,323,0.00070404,0.00014316,0
STARLINK-31336,2024-027P,2024-03-02T06:00:00.999648,15.43816824,0.0001198,53.1586,133.2132,80.9922,66.4507,0,U,58944,999,428,0.00055108,0.00025019,0
STARLINK-31207,2024-038N,2024-03-01T16:00:00.999936,15.94628551,0.0001549,43.0051,234.3356,265.8527,191.9755,0,U,59035,999,195,-0.0032373,-0.01277856,0.00048542
STARLINK-31372,2024-027J,2024-02-24T12:00:00.999648,15.62683127,0.0001169,53.1604,165.5894,69.9865,160.6838,0,U,58939,999,319,-0.021587,-0.01761302,0
STARLINK-31436,2024-036X,2024-03-02T04:00:00.999936,15.79094136,9.02e-05,53.1654,265.0811,82.5122,86.1426,0,U,59019,999,240,-0.0089898,-0.01448455,0
MERAH PUTIH 2,2024-035A,2024-02-22T10:43:36.732288,1.38485193,0.8032276,20.7825,289.6865,179.5186,71.1941,0,U,58995,999,11,0,-9.3e-07,0
STARLINK-31208,2024-038Q,2024-03-02T06:00:00.999648,15.96406474,0.0002292,43.0055,230.651,265.3871,321.2445,0,U,59037,999,204,-0.0027147,-0.01181332,0.0004281
STARLINK-31484,2024-036H,2024-03-01T16:00:00.999936,15.80188379,7.38e-05,53.1667,267.6393,91.9196,83.5388,0,U,59005,999,238,-0.0075448,-0.0127275,0
STARLINK-31318,2024-020K,2024-02-24T14:00:01.999872,15.2803172,0.0001119,53.1605,177.6284,91.9841,156.0975,0,U,58885,999,516,-0.00043496,-0.00012382,0
STARLINK-31212,2024-019Y,2024-02-24T14:00:01.999872,15.25891216,0.0001242,42.9998,124.4272,269.5655,334.8384,0,U,58875,999,520,-0.00072785,-0.00019236,0
STARLINK-31345,2024-027L,2024-03-01T22:00:00.999936,15.43832894,0.0001076,53.1583,134.8065,95.2764,352.7137,0,U,58941,999,428,8.4576e-05,3.476e-05,0
STARLINK-31323,2024-020G,2024-02-24T14:00:01.999872,15.28156851,0.0001541,53.1596,178.147,79.2069,271.3612,0,U,58882,999,516,-0.0088999,-0.00240066,0
2024-024C,2024-024C,2024-03-02T02:54:54.967392,15.18279014,0.0010191,97.4004,139.0102,187.7312,172.3767,0,U,58919,999,424,0.00066435,0.00013581,0
STARLINK-31339,2024-031S,2024-02-24T07:12:54.172800,15.80564166,6.5e-05,53.1682,156.5013,41.1839,318.9233,0,U,58981,999,253,-0.0016239,-0.00305722,0
METEOR-M2 4,2024-039A,2024-03-02T10:34:36.232032,14.2219162,0.0008148,98.5839,27.038,77.1846,81.7304,0,U,59051,999,31,0.00011528,2.13e-06,0
STARLINK-31231,2024-038M,2024-03-01T16:00:00.999936,15.94528872,0.0001544,43.0054,234.3388,266.9145,189.7704,0,U,59034,999,179,-0.0032509,-0.01276394,0.00048392
